rsid,Z_Breast,Z_Lung,Z_Ovarian,Z_Prostate,P_Breast,P_Lung,P_Ovarian,P_Prostate
rs7725218,1.244635193,-8.634479693,-7.55643991,13.03448276,0.2139,5.89E-18,4.14E-14,7.65E-39
rs7726159,1.092827004,-9.169936081,-7.536780534,12.78409091,0.2749,4.74E-20,4.82E-14,1.71E-37
rs4975538,1.150627615,-7.620193638,-7.618731318,9.662790698,0.2506,2.54E-14,2.56E-14,3.62E-22
rs10054203,1.576271186,-6.768302993,-7.651649304,9.285714286,0.1146,1.30E-11,1.98E-14,1.20E-20
rs7734992,0.841880342,-9.022876557,-7.478992959,6.578313253,0.4013,1.83E-19,7.49E-14,5.73E-11
rs7705526,0.046808511,-12.3697189,-6.479431187,7.625,0.9642,3.80E-35,9.21E-11,2.78E-14
rs11651052,-0.915730337,-2.968212642,6.8478619,-25.2625,0.3616,0.002995052,7.50E-12,1.88E-140
rs61612821,-0.272413793,4.100278662,-5.723646914,13.95833333,0.7841,4.13E-05,1.04E-08,1.37E-44
rs11263763,-0.407821229,-2.82089372,6.730394757,-25.4125,0.6832,0.004788087,1.69E-11,3.06E-141
rs11651755,-0.811111111,-2.737932701,6.73943662,-25,0.4174,0.006181522,1.59E-11,5.36E-138
,,,,,,,,
,,,,,,,,
,,,,,,,,
,,,,,,,,
,,,,,,,,
,,,,,,,,
,,,,,,,,
,,,,,,,,
,,,,,,,,
,,,,,,,,
,,,,,,,,
,,,,,,,,
,,,,,,,,
,,,,,,,,
,,,,,,,,
,,,,,,,,
